round_id,player_id,dealer_upcard,dealer_hand_value,hand_start_value,hand_final_value,hand_result,actions,cards,bet,profit/loss
1,0,10,20,9,18,Loss,HHS,"[5, 4, 5, 4]",1,-1
2,0,5,17,15,15,Loss,HHHS,"[3, 2, 2, 'A', 7]",1,-1
3,0,10,20,8,18,Loss,HS,"[2, 6, 10]",1,-1
4,0,4,19,14,14,Loss,S,"[10, 4]",1,-1
5,0,3,20,21,12,Loss,D,"[2, 9, 'A']",2,-2
6,0,5,17,17,17,Push,S,"[7, 'K']",1,0
7,0,10,23,13,17,Win,HS,"[3, 'Q', 4]",1,1
8,0,6,22,12,12,Win,S,"['J', 2]",1,1
9,0,10,21,21,21,Push,,"['A', 'Q']",1,0
10,0,7,17,14,25,Bust,HH,"[9, 5, 'A', 'J']",1,-1
11,0,8,18,15,25,Bust,H,"[5, 'J', 'Q']",1,-1
12,0,10,20,15,25,Bust,H,"[8, 7, 'Q']",1,-1
13,0,6,22,16,19,Win,HHS,"[2, 4, 'A', 2]",1,1
14,0,10,26,13,21,Win,HS,"[3, 'J', 8]",1,1
15,0,10,20,20,20,Push,S,"['K', 10]",1,0
16,0,8,10,15,25,Bust,H,"['J', 5, 'Q']",1,-1
17,0,7,17,20,20,Win,S,"['K', 'K']",1,1
18,0,1,21,15,19,Loss,HS,"['Q', 5, 4]",1,-1
19,0,10,17,8,18,Win,HS,"[5, 3, 'Q']",1,1
20,0,6,19,13,13,Loss,S,"[3, 'J']",1,-1
21,0,6,21,17,17,Loss,S,"[9, 8]",1,-1
22,0,5,23,16,16,Win,S,"[6, 'J']",1,1
23,0,3,21,16,16,Loss,S,"[10, 6]",1,-1
24,0,2,19,8,18,Loss,HS,"[6, 2, 10]",1,-1
25,0,10,20,14,21,Win,HS,"['A', 3, 7]",1,1
26,0,1,21,12,20,Loss,HS,"[4, 8, 8]",1,-1
27,0,6,19,19,19,Push,S,"[9, 'J']",1,0
28,0,7,24,20,20,Win,S,"['Q', 'K']",1,1
29,0,10,24,18,18,Win,HHS,"[7, 'A', 8, 2]",1,1
30,0,3,25,14,14,Win,S,"[10, 4]",1,1
31,0,4,17,18,18,Win,D,"[7, 'A', 'J']",2,2
32,0,6,18,16,16,Loss,S,"[6, 'K']",1,-1
33,0,6,18,20,20,Win,S,"[10, 'K']",1,1
34,0,10,17,20,20,Win,S,"['Q', 'J']",1,1
35,0,7,20,17,17,Loss,S,"['Q', 7]",1,-1
36,0,9,25,12,21,Win,HS,"[8, 4, 9]",1,1
37,0,3,14,12,22,Bust,H,"['K', 2, 'J']",1,-1
38,0,7,17,14,24,Bust,HHH,"[3, 'A', 9, 'A', 'Q']",1,-1
39,0,9,19,14,17,Loss,HS,"[5, 9, 3]",1,-1
40,0,10,19,16,26,Bust,H,"[10, 6, 'K']",1,-1
41,0,7,18,18,18,Push,S,"[10, 8]",1,0
42,0,2,19,19,19,Push,S,"['K', 9]",1,0
43,0,5,18,15,15,Loss,S,"[5, 'Q']",1,-1
44,0,6,21,16,13,Loss,D,"[5, 'A', 7]",2,-2
45,0,5,18,11,15,Loss,D,"[8, 3, 4]",2,-2
46,0,10,15,16,24,Bust,H,"[6, 'Q', 8]",1,-1
47,0,9,19,15,24,Bust,HH,"[4, 'A', 9, 10]",1,-1
48,0,4,18,18,18,Push,PS,"[8, 'Q']",1,0
48,0,4,18,12,12,Loss,S,"[8, 4]",1,-1
49,0,10,20,10,19,Loss,HHHS,"[2, 8, 4, 2, 3]",1,-1
50,0,7,17,17,17,Push,S,"['J', 7]",1,0
51,0,2,20,14,14,Loss,PS,"[6, 8]",1,-1
51,0,2,20,18,13,Loss,HHS,"[6, 2, 4, 'A']",1,-1
52,0,9,11,15,25,Bust,H,"['J', 5, 'J']",1,-1
53,0,10,20,6,19,Loss,HHS,"[2, 4, 'J', 3]",1,-1
54,0,10,20,20,20,Push,S,"['Q', 'J']",1,0
55,0,10,23,8,18,Win,HS,"[5, 3, 'K']",1,1
56,0,10,20,14,19,Loss,HS,"['K', 4, 5]",1,-1
57,0,2,20,20,20,Push,S,"['J', 10]",1,0
58,0,9,11,12,23,Bust,HH,"['K', 2, 'A', 'J']",1,-1
59,0,8,18,20,20,Win,S,"['Q', 'K']",1,1
60,0,9,22,10,14,Win,D,"[4, 6, 4]",2,2
61,0,10,20,19,19,Loss,S,"[9, 10]",1,-1
62,0,6,17,15,15,Loss,S,"['J', 5]",1,-1
63,0,10,24,11,13,Win,D,"[8, 3, 2]",2,2
64,0,2,19,19,19,Push,S,"[10, 9]",1,0
65,0,10,20,20,20,Push,S,"[10, 'K']",1,0
66,0,3,18,21,21,Blackjack,,"['Q', 'A']",1,1.5
67,0,9,19,13,18,Loss,HS,"[4, 9, 5]",1,-1
68,0,7,17,17,17,Push,S,"['J', 7]",1,0
69,0,3,19,13,13,Loss,S,"[8, 5]",1,-1
70,0,3,17,16,16,Loss,PPS,"[6, 'K']",1,-1
70,0,3,17,17,16,Loss,D,"[6, 'A', 9]",2,-2
70,0,3,17,14,14,Loss,PS,"[6, 8]",1,-1
70,0,3,17,8,18,Win,HS,"[6, 2, 'Q']",1,1
71,0,5,20,10,20,Push,D,"[7, 3, 'Q']",2,0
72,0,10,19,18,24,Bust,HH,"[7, 'A', 6, 'Q']",1,-1
73,0,1,21,8,25,Bust,HH,"[5, 3, 7, 'K']",1,-1
74,0,2,22,14,14,Win,S,"[4, 10]",1,1
75,0,10,19,15,19,Push,HS,"[5, 'J', 4]",1,0
76,0,6,17,18,18,Win,S,"['J', 8]",1,1
77,0,6,17,14,14,Loss,S,"[4, 'J']",1,-1
78,0,1,20,20,20,Push,S,"[9, 'A']",1,0
79,0,10,17,21,21,Blackjack,,"['K', 'A']",1,1.5
80,0,2,24,13,13,Win,S,"[3, 10]",1,1
81,0,5,23,19,19,Win,S,"[9, 'Q']",1,1
82,0,3,20,18,18,Loss,S,"[10, 8]",1,-1
83,0,8,20,16,21,Win,HS,"['J', 6, 5]",1,1
84,0,7,18,21,21,Blackjack,,"['K', 'A']",1,1.5
85,0,2,19,20,20,Win,S,"['K', 'Q']",1,1
86,0,8,18,12,22,Bust,PH,"[8, 4, 'K']",1,-1
86,0,8,18,18,28,Bust,D,"[8, 10, 'J']",2,-2
87,0,1,19,18,23,Bust,HH,"[7, 'A', 5, 'Q']",1,-1
88,0,6,23,18,18,Win,S,"['Q', 8]",1,1
89,0,1,17,19,17,Push,HHS,"[4, 5, 7, 'A']",1,0
90,0,6,17,19,19,Win,S,"['Q', 9]",1,1
91,0,10,18,16,20,Win,HS,"[9, 7, 4]",1,1
92,0,10,19,17,17,Loss,S,"[10, 7]",1,-1
93,0,5,20,9,17,Loss,D,"[6, 3, 8]",2,-2
94,0,10,24,15,20,Win,HS,"['K', 5, 5]",1,1
95,0,10,22,18,18,Win,S,"['K', 8]",1,1
96,0,10,20,15,17,Loss,HS,"['J', 5, 2]",1,-1
97,0,1,17,13,23,Bust,H,"['K', 3, 'Q']",1,-1
98,0,1,21,11,21,Push,D,"[3, 8, 'Q']",2,0
99,0,9,26,9,19,Win,HS,"[3, 6, 'Q']",1,1
100,0,2,21,13,13,Loss,S,"[7, 6]",1,-1
